{
  "project_info": {
    "project_number": "443187025148",
    "firebase_url": "https://opme-app.firebaseio.com",
    "project_id": "opme-app",
    "storage_bucket": "opme-app.appspot.com"
  },
  "client": [
    {
      "client_info": {
        "mobilesdk_app_id": "1:443187025148:android:b2c2a4e5ff93e299",
        "android_client_info": {
          "package_name": "com.example.estudiante.opmeversion1"
        }
      },
      "oauth_client": [
        {
          "client_id": "443187025148-ipt8kg7at2fbqrgs28kf7fmb9790leuo.apps.googleusercontent.com",
          "client_type": 1,
          "android_info": {
            "package_name": "com.example.estudiante.opmeversion1",
            "certificate_hash": "8617289ccd343e720f971ad388bcd474b792ad54"
          }
        },
        {
          "client_id": "443187025148-90bglc0tdu9llo12dfk8pi8siu3ilifh.apps.googleusercontent.com",
          "client_type": 3
        }
      ],
      "api_key": [
        {
          "current_key": "AIzaSyC1-TCqjrgOnY7vTtzah9pBf1c8FWflaKc"
        }
      ],
      "services": {
        "analytics_service": {
          "status": 1
        },
        "appinvite_service": {
          "status": 2,
          "other_platform_oauth_client": [
            {
              "client_id": "443187025148-90bglc0tdu9llo12dfk8pi8siu3ilifh.apps.googleusercontent.com",
              "client_type": 3
            }
          ]
        },
        "ads_service": {
          "status": 2
        }
      }
    }
  ],
  "configuration_version": "1"
}